<?xml version="1.0" encoding="utf-8"?>
<modification>
    <name> EMAIL SMTP </name>
	<code>email_smtp</code>
    <version>1.0</version>
    <author>no-one</author>
    <link>https://google.com</link>
    
   <file path="admin/controller/common/column_left.php" error="skip">
        <operation error="skip" info="add left position">
            <search><![CDATA[
            	$catalog = array();
            ]]></search>
            <add position="before"><![CDATA[
            	
			$data['menus'][] = array(
				'id'       => 'menu-opl_email',
				'icon'	   => 'fa-envelope-o',
				'name'	   => 'Email & SMTP',
				'href'     => $this->url->link('extension/module/opl_email/home', 'user_token=' . $this->session->data['user_token'], true),
				'children' => array()
			);          
      
      ]]></add>
        </operation>
    </file>
    <file path="catalog/controller/information/contact.php">
        <operation>
            <search>
                <![CDATA[$mail = new Mail($this->config->get('config_mail_engine'));]]>
            </search>
            <add position="replace" offset="14">
                <![CDATA[require_once(DIR_SYSTEM . 'library/phpmailer/sendmail.php');
            $mail = new Email($this->registry);
			$mail->email_to_id      = $mail->admin_email;
			$mail->email_to_name    = $mail->admin_name;
			$mail->email_subject    = html_entity_decode(sprintf($this->language->get('email_subject'), $this->request->post['name']), ENT_QUOTES, 'UTF-8');
			$mail->email_body       = $this->request->post['enquiry'];
			$mail->sendemail();]]>
            </add>
        </operation>
    </file>
    <file path="admin/controller/marketing/contact.php">
        <operation>
            <search>
                <![CDATA[$mail = new Mail($this->config->get('config_mail_engine'));]]>
            </search>
            <add position="replace" offset="13">
                <![CDATA[ require_once(DIR_SYSTEM . 'library/phpmailer/sendmail.php');						
							$mail = new Email($this->registry);
							$mail->email_to_id      = $email;
							$mail->email_to_name    = html_entity_decode($store_name, ENT_QUOTES, 'UTF-8');
							$mail->email_subject    = html_entity_decode($this->request->post['subject'], ENT_QUOTES, 'UTF-8');
							$mail->email_body       = $message;
							$mail->sendemail(); ]]>
            </add>
        </operation>
    </file>
    <file path="catalog/model/catalog/review.php">
        <operation>
            <search>
                <![CDATA[$mail = new Mail($this->config->get('config_mail_engine'));]]>
            </search>
            <add position="replace" offset="13">
                <![CDATA[require_once(DIR_SYSTEM . 'library/phpmailer/sendmail.php');
			$mail = new Email($this->registry);	
			$mail->email_to_id      = $mail->admin_email;
			$mail->email_to_name    = $mail->admin_name;
			$mail->email_subject    = $subject;
			$mail->email_body       = $message;
			$mail->sendemail();]]>
            </add>
        </operation>
    </file>
    <file path="admin/controller/mail/affiliate.php">
        <operation>
            <search>
                <![CDATA[$mail = new Mail($this->config->get('config_mail_engine'));]]>
            </search>
            <add position="replace" offset="13">
                <![CDATA[require_once(DIR_SYSTEM . 'library/phpmailer/sendmail.php');
			$mail = new Email($this->registry);	
			$mail->email_to_id      = $customer_info['email'];
			$mail->email_to_name    = " ";
			$mail->from_email       = $mail->admin_email;
			$mail->email_subject    = $subject;
			$mail->email_body       = $this->load->view('mail/affiliate_approve', $data);
			$mail->sendemail();]]>
            </add>
        </operation>
    </file>
    <file path="admin/controller/mail/customer.php">
        <operation>
            <search index="1">
                <![CDATA[$mail = new Mail($this->config->get('config_mail_engine'));]]>
            </search>
            <add position="replace" offset="13">
                <![CDATA[require_once(DIR_SYSTEM . 'library/phpmailer/sendmail.php');
			$mail = new Email($this->registry);	
			$mail->email_to_id      = $customer_info['email'];
			$mail->email_to_name    = " ";
			$mail->from_email       = $mail->admin_email;
			$mail->email_subject    = $subject;
			$mail->email_body       = $this->load->view('mail/customer_approve', $data);
			$mail->sendemail();]]>
            </add>
        </operation>
    </file>
    <file path="admin/controller/mail/customer.php">
        <operation>
            <search>
                <![CDATA[$mail = new Mail($this->config->get('config_mail_engine'));]]>
            </search>
            <add position="replace" offset="13">
                <![CDATA[require_once(DIR_SYSTEM . 'library/phpmailer/sendmail.php');
			$mail = new Email($this->registry);	
			$mail->email_to_id      = $customer_info['email'];
			$mail->email_to_name    = " ";
			$mail->from_email       = $mail->admin_email;
			$mail->from_name        = $mail->admin_name;
			$mail->email_subject    = $subject;
			$mail->email_body       = $this->load->view('mail/customer_deny', $data);
			$mail->sendemail();]]>
            </add>
        </operation>
    </file>
    <file path="admin/controller/mail/forgotten.php">
        <operation>
            <search>
                <![CDATA[$mail = new Mail($this->config->get('config_mail_engine'));]]>
            </search>
            <add position="replace" offset="13">
                <![CDATA[require_once(DIR_SYSTEM . 'library/phpmailer/sendmail.php');
		$mail = new Email($this->registry);	
		$mail->email_to_id      = $args[0];
		$mail->email_to_name    = " ";
		$mail->from_email       = $mail->admin_email;
		$mail->from_name        = $mail->admin_name;
		$mail->email_subject    = html_entity_decode(sprintf($this->language->get('text_subject'), html_entity_decode($this->admin_name, ENT_QUOTES, 'UTF-8')), ENT_QUOTES, 'UTF-8');
		$mail->email_body       = $this->load->view('mail/forgotten', $data);
		$mail->sendemail();]]>
            </add>
        </operation>
    </file>
    <file path="admin/controller/mail/return.php">
        <operation>
            <search>
                <![CDATA[$mail = new Mail($this->config->get('config_mail_engine'));]]>
            </search>
            <add position="replace" offset="13">
                <![CDATA[require_once(DIR_SYSTEM . 'library/phpmailer/sendmail.php');
				$mail = new Email($this->registry);	
				$mail->email_to_id      = $return_info['email'];
				$mail->email_to_name    = " ";
				$mail->from_email       = $mail->admin_email;
				$mail->from_name        = $mail->admin_name;
				$mail->email_subject    = sprintf($this->language->get('text_subject'), html_entity_decode($this->config->get('config_name'), ENT_QUOTES, 'UTF-8'), $return_id);
				$mail->email_body       = $this->load->view('mail/return', $data);
				$mail->sendemail();]]>
            </add>
        </operation>
    </file>
    <file path="admin/controller/mail/reward.php">
        <operation>
            <search>
                <![CDATA[$mail = new Mail($this->config->get('config_mail_engine'));]]>
            </search>
            <add position="replace" offset="14">
                <![CDATA[require_once(DIR_SYSTEM . 'library/phpmailer/sendmail.php');
			$mail = new Email($this->registry);	
			$mail->email_to_id      = $customer_info['email'];
			$mail->email_to_name    = " ";
			$mail->from_email       = $mail->admin_email;
			$mail->from_name        = $mail->admin_name;
			$mail->email_subject    = sprintf($this->language->get('text_subject'), html_entity_decode($store_name, ENT_QUOTES, 'UTF-8'));
			$mail->email_body       = $this->load->view('mail/reward', $data);
			$mail->sendemail();]]>
            </add>
        </operation>
    </file>
    <file path="admin/controller/mail/transaction.php">
        <operation>
            <search>
                <![CDATA[$mail = new Mail($this->config->get('config_mail_engine'));]]>
            </search>
            <add position="replace" offset="13">
                <![CDATA[require_once(DIR_SYSTEM . 'library/phpmailer/sendmail.php');
			$mail = new Email($this->registry);	
			$mail->email_to_id      = $customer_info['email'];
			$mail->email_to_name    = " ";
			$mail->from_email       = $mail->admin_email;
			$mail->from_name        = $mail->admin_name;
			$mail->email_subject    = sprintf($this->language->get('text_subject'), html_entity_decode($this->config->get('config_name'), ENT_QUOTES, 'UTF-8'));
			$mail->email_body       = $this->load->view('mail/transaction', $data);
			$mail->sendemail();]]>
            </add>
        </operation>
    </file>
    <file path="catalog/controller/mail/affiliate.php">
        <operation>
            <search>
                <![CDATA[$data['store'] = html_entity_decode($this->config->get('config_name'), ENT_QUOTES, 'UTF-8');]]>
            </search>
            <add position="replace" offset="20">
            <![CDATA[$data['store'] = html_entity_decode($this->config->get('config_name'), ENT_QUOTES, 'UTF-8');
            require_once(DIR_SYSTEM . 'library/phpmailer/sendmail.php');
            $mail = new Email($this->registry);	
            if ($this->customer->isLogged()) {
                $mail->email_to_id = $this->customer->getEmail();
            } else {
                $mail->email_to_id = $args[1]['email'];
            }
            $mail->email_to_name    = "";
            $mail->email_subject    = sprintf($this->language->get('text_subject'), html_entity_decode($this->config->get('config_name'), ENT_QUOTES, 'UTF-8'));
            $mail->email_body       = $this->load->view('mail/affiliate', $data);
            $mail->sendemail();]]>
            </add>
        </operation>
    </file>

          <file path="catalog/controller/mail/affiliate.php">
        <operation>
            <search>
                <![CDATA[$mail = new Mail($this->config->get('config_mail_engine'));]]>
            </search>
            <add position="replace" offset="13">
                <![CDATA[require_once(DIR_SYSTEM . 'library/phpmailer/sendmail.php');
			$mail = new Email($this->registry);	
			$mail->email_to_id      =  $mail->admin_email;
			$mail->email_to_name    = " ";
			$mail->from_email       = $mail->admin_email;
			$mail->from_name        = $mail->admin_name;
			$mail->email_subject    = html_entity_decode($this->language->get('text_new_affiliate'), ENT_QUOTES, 'UTF-8');
			$mail->email_body       = $this->load->view('mail/affiliate_alert', $data);
			$mail->sendemail();]]>
            </add>
        </operation>
    </file>
  
    <file path="catalog/controller/mail/forgotten.php">
        <operation>
            <search>
                <![CDATA[$mail = new Mail($this->config->get('config_mail_engine'));]]>
            </search>
            <add position="replace" offset="13">
                <![CDATA[require_once(DIR_SYSTEM . 'library/phpmailer/sendmail.php');
		$mail = new Email($this->registry);	
		$mail->email_to_id      =  $args[0];
		$mail->email_to_name    = " ";
		$mail->from_name        = $mail->admin_name;
		$mail->email_subject    = html_entity_decode(sprintf($this->language->get('text_subject'), html_entity_decode($this->config->get('config_name'), ENT_QUOTES, 'UTF-8')), ENT_QUOTES, 'UTF-8');
		$mail->email_body       = $this->load->view('mail/forgotten', $data);
		$mail->sendemail();]]>
            </add>
        </operation>
    </file>
    <file path="catalog/controller/mail/order.php">
        <operation>
            <search>
                <![CDATA[$mail = new Mail($this->config->get('config_mail_engine'));]]>
            </search>
            <add position="replace" offset="13">
                <![CDATA[		require_once(DIR_SYSTEM . 'library/phpmailer/sendmail.php');
		$mail = new Email($this->registry);	
		$mail->email_to_id      =  $order_info['email'];
		$mail->email_to_name    = " ";
		$mail->from_name        = $mail->admin_name;
		$mail->email_subject    = html_entity_decode(sprintf($language->get('text_subject'), $order_info['store_name'], $order_info['order_id']), ENT_QUOTES, 'UTF-8');
		$mail->email_body       = $this->load->view('mail/order_add', $data);
		$mail->sendemail();]]>
            </add>
        </operation>
    </file>
        <file path="catalog/controller/mail/order.php">
        <operation>
            <search>
                <![CDATA[$data['comment'] = strip_tags($order_info['comment']);]]>
            </search>
            <add position="replace" offset="9">
                <![CDATA[$data['comment'] = strip_tags($order_info['comment']);
            require_once(DIR_SYSTEM . 'library/phpmailer/sendmail.php');
			$mail = new Email($this->registry);	
			$mail->email_to_id      =  $mail->admin_email;
			$mail->email_to_name    = " ";
			$mail->from_name        = $mail->admin_name;
			$mail->email_subject    = html_entity_decode(sprintf($this->language->get('text_subject'), $this->config->get('config_name'), $order_info['order_id']), ENT_QUOTES, 'UTF-8');
			$mail->email_body       = $this->load->view('mail/order_alert', $data);
			$mail->sendemail();]]>
            </add>
        </operation>
    </file>

    <file path="catalog/controller/mail/register.php">
        <operation>
            <search index="1">
                <![CDATA[$data['store'] = html_entity_decode($this->config->get('config_name'), ENT_QUOTES, 'UTF-8');]]>
            </search>
            <add position="replace" offset="15">
                <![CDATA[$data['store'] = html_entity_decode($this->config->get('config_name'), ENT_QUOTES, 'UTF-8');
                require_once(DIR_SYSTEM . 'library/phpmailer/sendmail.php');
		$mail = new Email($this->registry);	
		$mail->email_to_id      =  $args[0]['email'];
		$mail->email_to_name    = " ";
		$mail->from_name        = $mail->admin_name;
		$mail->email_subject    = sprintf($this->language->get('text_subject'), html_entity_decode($this->config->get('config_name'), ENT_QUOTES, 'UTF-8'));
		$mail->email_body       = $this->load->view('mail/register', $data);
		$mail->sendemail();]]>
            </add>
        </operation>
    </file>
    <file path="catalog/controller/mail/register.php">
        <operation>
            <search>
                <![CDATA[$mail = new Mail($this->config->get('config_mail_engine'));]]>
            </search>
            <add position="replace" offset="13">
                <![CDATA[require_once(DIR_SYSTEM . 'library/phpmailer/sendmail.php');
			$mail = new Email($this->registry);	
			$mail->email_to_id      =  $mail->admin_email;
			$mail->email_to_name    = " ";
			$mail->from_name        = $mail->admin_name;
			$mail->email_subject    = html_entity_decode($this->language->get('text_new_customer'), ENT_QUOTES, 'UTF-8');
			$mail->email_body       = $this->load->view('mail/register_alert', $data);
			$mail->sendemail();]]>
            </add>
        </operation>
    </file>
    <file path="catalog/controller/mail/transaction.php">
        <operation>
            <search>
                <![CDATA[$mail = new Mail($this->config->get('config_mail_engine'));]]>
            </search>
            <add position="replace" offset="13">
                <![CDATA[require_once(DIR_SYSTEM . 'library/phpmailer/sendmail.php');
			$mail = new Email($this->registry);	
			$mail->email_to_id      =  $customer_info['email'];
			$mail->email_to_name    = " ";
			$mail->from_name        = $mail->admin_name;
			$mail->email_subject    = html_entity_decode(sprintf($this->language->get('text_subject'), $this->config->get('config_name')), ENT_QUOTES, 'UTF-8');
			$mail->email_body       = $this->load->view('mail/transaction', $data);
			$mail->sendemail();]]>
            </add>
        </operation>
    </file>
</modification>